CREATE DATABASE  IF NOT EXISTS `bcmmdev_db` /*!40100 DEFAULT CHARACTER SET utf8mb4 COLLATE utf8mb4_general_ci */;
USE `bcmmdev_db`;
-- MySQL dump 10.13  Distrib 8.0.31, for Win64 (x86_64)
--
-- Host: localhost    Database: bcmmdev_db
-- ------------------------------------------------------
-- Server version	5.5.5-10.4.27-MariaDB

/*!40101 SET @OLD_CHARACTER_SET_CLIENT=@@CHARACTER_SET_CLIENT */;
/*!40101 SET @OLD_CHARACTER_SET_RESULTS=@@CHARACTER_SET_RESULTS */;
/*!40101 SET @OLD_COLLATION_CONNECTION=@@COLLATION_CONNECTION */;
/*!50503 SET NAMES utf8 */;
/*!40103 SET @OLD_TIME_ZONE=@@TIME_ZONE */;
/*!40103 SET TIME_ZONE='+00:00' */;
/*!40014 SET @OLD_UNIQUE_CHECKS=@@UNIQUE_CHECKS, UNIQUE_CHECKS=0 */;
/*!40014 SET @OLD_FOREIGN_KEY_CHECKS=@@FOREIGN_KEY_CHECKS, FOREIGN_KEY_CHECKS=0 */;
/*!40101 SET @OLD_SQL_MODE=@@SQL_MODE, SQL_MODE='NO_AUTO_VALUE_ON_ZERO' */;
/*!40111 SET @OLD_SQL_NOTES=@@SQL_NOTES, SQL_NOTES=0 */;

--
-- Table structure for table `bcmmdev_admin`
--

DROP TABLE IF EXISTS `bcmmdev_admin`;
/*!40101 SET @saved_cs_client     = @@character_set_client */;
/*!50503 SET character_set_client = utf8mb4 */;
CREATE TABLE `bcmmdev_admin` (
  `id` int(11) NOT NULL AUTO_INCREMENT,
  `username` text NOT NULL,
  `email` text NOT NULL,
  `password` text NOT NULL,
  `image` text NOT NULL,
  PRIMARY KEY (`id`)
) ENGINE=InnoDB AUTO_INCREMENT=41 DEFAULT CHARSET=utf8mb4 COLLATE=utf8mb4_general_ci;
/*!40101 SET character_set_client = @saved_cs_client */;

--
-- Dumping data for table `bcmmdev_admin`
--

LOCK TABLES `bcmmdev_admin` WRITE;
/*!40000 ALTER TABLE `bcmmdev_admin` DISABLE KEYS */;
INSERT INTO `bcmmdev_admin` VALUES (9,'admin_Test_V2','admin_Test_V2@gmail.com','$2b$10$KLXlc5DVHrv2vPRQdzI1uei80W0CwXBseVW8bpry7K3wr0mn83UDG','1684829067229_banner2.jpg'),(25,'dewzazayololCH','dewzazayololCH@gmail.com','$2b$10$r0Ekn393g9hQ3BrQXB1NUe6XaLtV5y0v7iIlRXju711U2ulSrqZxm','1683274037088_user1.jpg'),(34,'admin_Test_V3','admin_Test_V3@gmail.com','$2b$10$fKu3lHtIACdPcfVgLsjJdedrc1vvXCn8n.i6svSh22nNeiiT5qfG2','1684418396025_banner2.jpg'),(37,'admin_Test_V4','admin_Test_V4@gmail.com','$2b$10$Hi.A.W36sQR8Wl/1cYWTeuqZ..JZjz4K9/aJjJCIBI/EjN44Vk5HG','1684680876102_nohavePost.png');
/*!40000 ALTER TABLE `bcmmdev_admin` ENABLE KEYS */;
UNLOCK TABLES;

--
-- Table structure for table `bcmmdev_blog`
--

DROP TABLE IF EXISTS `bcmmdev_blog`;
/*!40101 SET @saved_cs_client     = @@character_set_client */;
/*!50503 SET character_set_client = utf8mb4 */;
CREATE TABLE `bcmmdev_blog` (
  `id` int(11) NOT NULL AUTO_INCREMENT,
  `title` text NOT NULL,
  `content` text NOT NULL,
  `category` text NOT NULL,
  `date` datetime NOT NULL DEFAULT current_timestamp(),
  `imageBlog` text NOT NULL,
  `adminCreator` int(11) DEFAULT NULL,
  PRIMARY KEY (`id`),
  KEY `fk_adminCreator_idx` (`adminCreator`),
  CONSTRAINT `fk_adminCreator` FOREIGN KEY (`adminCreator`) REFERENCES `bcmmdev_admin` (`id`) ON DELETE SET NULL ON UPDATE CASCADE
) ENGINE=InnoDB AUTO_INCREMENT=81 DEFAULT CHARSET=utf8mb4 COLLATE=utf8mb4_general_ci;
/*!40101 SET character_set_client = @saved_cs_client */;

--
-- Dumping data for table `bcmmdev_blog`
--

LOCK TABLES `bcmmdev_blog` WRITE;
/*!40000 ALTER TABLE `bcmmdev_blog` DISABLE KEYS */;
INSERT INTO `bcmmdev_blog` VALUES (65,'What Are the Latest Developments in Technology?','Lorem ipsum dolor sit amet, consectetur adipiscing elit. Phasellus faucibus dapibus semper. Aliquam vitae volutpat mi. Duis condimentum imperdiet erat non fringilla. Quisque mollis, felis eget vulputate consectetur, dolor libero tincidunt massa, nec placerat ante ipsum sit amet quam. Morbi ac varius sapien. Nam ut malesuada leo. In tristique, enim nec ullamcorper ultrices, dui felis interdum felis, quis tempor massa nunc in lacus. Etiam blandit purus sit amet dignissim aliquam. Mauris sodales nisl et justo laoreet gravida. Quisque eget diam in mauris accumsan dictum id vitae nulla. Aliquam bibendum dui leo, sed placerat sapien interdum id. Sed scelerisque sodales leo in pulvinar. Sed placerat nisi nec scelerisque luctus. Vivamus pretium consequat mi, non pretium metus ultricies quis. Etiam a nisl eleifend nisi iaculis dignissim.\n\nInteger fringilla metus sem, at consectetur nunc vestibulum at. Sed et consectetur massa. Cras id ultricies ipsum. Suspendisse potenti. Sed ut ipsum accumsan, placerat felis eget, vulputate massa. Vivamus maximus efficitur tortor ut convallis. Fusce eros nisl, posuere a placerat vitae, commodo vitae lacus. Fusce aliquam lorem et condimentum vehicula. Pellentesque euismod elit vel pharetra ornare. Phasellus tincidunt sagittis orci, vel aliquam neque tempor sed. In auctor mollis ultricies. Mauris orci nisi, maximus vitae felis nec, hendrerit venenatis nisl. Sed libero sapien, lobortis sed felis eu, aliquam pharetra elit. Phasellus in nisi eros. In ac diam at dolor hendrerit luctus.\n\nNulla facilisi. Quisque efficitur elementum venenatis. Pellentesque at viverra orci. Ut semper imperdiet elit nec fringilla. Class aptent taciti sociosqu ad litora torquent per conubia nostra, per inceptos himenaeos. Aliquam erat volutpat. Pellentesque in fringilla enim, non faucibus sapien. Maecenas fermentum ligula eu mattis varius. Ut nec justo dui. Cras vitae nisi erat. Nulla facilisi. Maecenas a ligula commodo, varius odio fermentum, consequat velit.\n\nMorbi ac volutpat sapien. Nunc pretium viverra turpis at tempor. In tempus enim risus, eget varius eros cursus mollis. Aliquam tempus dolor quis eros lacinia semper. Cras non turpis aliquet, auctor felis vel, ultrices arcu. Fusce ultricies semper ligula a dapibus. Nam nec tellus et magna pulvinar aliquet. Sed scelerisque libero elit, ut bibendum justo malesuada sit amet. In aliquet nisl quis mauris ornare, ut sodales quam interdum. Fusce risus augue, aliquam vel eleifend non, pharetra a lectus. Integer enim est, bibendum sed dapibus at, convallis sed massa.','Technology','2023-05-18 22:49:12','1684424952591_error_page.png',9),(66,'Why Is Technology Becoming More Popular?','Lorem ipsum dolor sit amet, consectetur adipiscing elit. Phasellus faucibus dapibus semper. Aliquam vitae volutpat mi. Duis condimentum imperdiet erat non fringilla. Quisque mollis, felis eget vulputate consectetur, dolor libero tincidunt massa, nec placerat ante ipsum sit amet quam. Morbi ac varius sapien. Nam ut malesuada leo. In tristique, enim nec ullamcorper ultrices, dui felis interdum felis, quis tempor massa nunc in lacus. Etiam blandit purus sit amet dignissim aliquam. Mauris sodales nisl et justo laoreet gravida. Quisque eget diam in mauris accumsan dictum id vitae nulla. Aliquam bibendum dui leo, sed placerat sapien interdum id. Sed scelerisque sodales leo in pulvinar. Sed placerat nisi nec scelerisque luctus. Vivamus pretium consequat mi, non pretium metus ultricies quis. Etiam a nisl eleifend nisi iaculis dignissim.\n\nInteger fringilla metus sem, at consectetur nunc vestibulum at. Sed et consectetur massa. Cras id ultricies ipsum. Suspendisse potenti. Sed ut ipsum accumsan, placerat felis eget, vulputate massa. Vivamus maximus efficitur tortor ut convallis. Fusce eros nisl, posuere a placerat vitae, commodo vitae lacus. Fusce aliquam lorem et condimentum vehicula. Pellentesque euismod elit vel pharetra ornare. Phasellus tincidunt sagittis orci, vel aliquam neque tempor sed. In auctor mollis ultricies. Mauris orci nisi, maximus vitae felis nec, hendrerit venenatis nisl. Sed libero sapien, lobortis sed felis eu, aliquam pharetra elit. Phasellus in nisi eros. In ac diam at dolor hendrerit luctus.\n\nNulla facilisi. Quisque efficitur elementum venenatis. Pellentesque at viverra orci. Ut semper imperdiet elit nec fringilla. Class aptent taciti sociosqu ad litora torquent per conubia nostra, per inceptos himenaeos. Aliquam erat volutpat. Pellentesque in fringilla enim, non faucibus sapien. Maecenas fermentum ligula eu mattis varius. Ut nec justo dui. Cras vitae nisi erat. Nulla facilisi. Maecenas a ligula commodo, varius odio fermentum, consequat velit.\n\nMorbi ac volutpat sapien. Nunc pretium viverra turpis at tempor. In tempus enim risus, eget varius eros cursus mollis. Aliquam tempus dolor quis eros lacinia semper. Cras non turpis aliquet, auctor felis vel, ultrices arcu. Fusce ultricies semper ligula a dapibus. Nam nec tellus et magna pulvinar aliquet. Sed scelerisque libero elit, ut bibendum justo malesuada sit amet. In aliquet nisl quis mauris ornare, ut sodales quam interdum. Fusce risus augue, aliquam vel eleifend non, pharetra a lectus. Integer enim est, bibendum sed dapibus at, convallis sed massa.','Technology','2023-05-18 22:49:36','1684424976391_adminLogin.png',9),(67,'10 Tips for Starting a Successful Business','Lorem ipsum dolor sit amet, consectetur adipiscing elit. Phasellus faucibus dapibus semper. Aliquam vitae volutpat mi. Duis condimentum imperdiet erat non fringilla. Quisque mollis, felis eget vulputate consectetur, dolor libero tincidunt massa, nec placerat ante ipsum sit amet quam. Morbi ac varius sapien. Nam ut malesuada leo. In tristique, enim nec ullamcorper ultrices, dui felis interdum felis, quis tempor massa nunc in lacus. Etiam blandit purus sit amet dignissim aliquam. Mauris sodales nisl et justo laoreet gravida. Quisque eget diam in mauris accumsan dictum id vitae nulla. Aliquam bibendum dui leo, sed placerat sapien interdum id. Sed scelerisque sodales leo in pulvinar. Sed placerat nisi nec scelerisque luctus. Vivamus pretium consequat mi, non pretium metus ultricies quis. Etiam a nisl eleifend nisi iaculis dignissim.\n\nInteger fringilla metus sem, at consectetur nunc vestibulum at. Sed et consectetur massa. Cras id ultricies ipsum. Suspendisse potenti. Sed ut ipsum accumsan, placerat felis eget, vulputate massa. Vivamus maximus efficitur tortor ut convallis. Fusce eros nisl, posuere a placerat vitae, commodo vitae lacus. Fusce aliquam lorem et condimentum vehicula. Pellentesque euismod elit vel pharetra ornare. Phasellus tincidunt sagittis orci, vel aliquam neque tempor sed. In auctor mollis ultricies. Mauris orci nisi, maximus vitae felis nec, hendrerit venenatis nisl. Sed libero sapien, lobortis sed felis eu, aliquam pharetra elit. Phasellus in nisi eros. In ac diam at dolor hendrerit luctus.\n\nNulla facilisi. Quisque efficitur elementum venenatis. Pellentesque at viverra orci. Ut semper imperdiet elit nec fringilla. Class aptent taciti sociosqu ad litora torquent per conubia nostra, per inceptos himenaeos. Aliquam erat volutpat. Pellentesque in fringilla enim, non faucibus sapien. Maecenas fermentum ligula eu mattis varius. Ut nec justo dui. Cras vitae nisi erat. Nulla facilisi. Maecenas a ligula commodo, varius odio fermentum, consequat velit.\n\nMorbi ac volutpat sapien. Nunc pretium viverra turpis at tempor. In tempus enim risus, eget varius eros cursus mollis. Aliquam tempus dolor quis eros lacinia semper. Cras non turpis aliquet, auctor felis vel, ultrices arcu. Fusce ultricies semper ligula a dapibus. Nam nec tellus et magna pulvinar aliquet. Sed scelerisque libero elit, ut bibendum justo malesuada sit amet. In aliquet nisl quis mauris ornare, ut sodales quam interdum. Fusce risus augue, aliquam vel eleifend non, pharetra a lectus. Integer enim est, bibendum sed dapibus at, convallis sed massa.','Business','2023-05-18 22:50:03','1684425003759_banner2.jpg',9),(68,'Where Can You Find Inspiration for Your Business?','Lorem ipsum dolor sit amet, consectetur adipiscing elit. Phasellus faucibus dapibus semper. Aliquam vitae volutpat mi. Duis condimentum imperdiet erat non fringilla. Quisque mollis, felis eget vulputate consectetur, dolor libero tincidunt massa, nec placerat ante ipsum sit amet quam. Morbi ac varius sapien. Nam ut malesuada leo. In tristique, enim nec ullamcorper ultrices, dui felis interdum felis, quis tempor massa nunc in lacus. Etiam blandit purus sit amet dignissim aliquam. Mauris sodales nisl et justo laoreet gravida. Quisque eget diam in mauris accumsan dictum id vitae nulla. Aliquam bibendum dui leo, sed placerat sapien interdum id. Sed scelerisque sodales leo in pulvinar. Sed placerat nisi nec scelerisque luctus. Vivamus pretium consequat mi, non pretium metus ultricies quis. Etiam a nisl eleifend nisi iaculis dignissim.\n\nInteger fringilla metus sem, at consectetur nunc vestibulum at. Sed et consectetur massa. Cras id ultricies ipsum. Suspendisse potenti. Sed ut ipsum accumsan, placerat felis eget, vulputate massa. Vivamus maximus efficitur tortor ut convallis. Fusce eros nisl, posuere a placerat vitae, commodo vitae lacus. Fusce aliquam lorem et condimentum vehicula. Pellentesque euismod elit vel pharetra ornare. Phasellus tincidunt sagittis orci, vel aliquam neque tempor sed. In auctor mollis ultricies. Mauris orci nisi, maximus vitae felis nec, hendrerit venenatis nisl. Sed libero sapien, lobortis sed felis eu, aliquam pharetra elit. Phasellus in nisi eros. In ac diam at dolor hendrerit luctus.\n\nNulla facilisi. Quisque efficitur elementum venenatis. Pellentesque at viverra orci. Ut semper imperdiet elit nec fringilla. Class aptent taciti sociosqu ad litora torquent per conubia nostra, per inceptos himenaeos. Aliquam erat volutpat. Pellentesque in fringilla enim, non faucibus sapien. Maecenas fermentum ligula eu mattis varius. Ut nec justo dui. Cras vitae nisi erat. Nulla facilisi. Maecenas a ligula commodo, varius odio fermentum, consequat velit.\n\nMorbi ac volutpat sapien. Nunc pretium viverra turpis at tempor. In tempus enim risus, eget varius eros cursus mollis. Aliquam tempus dolor quis eros lacinia semper. Cras non turpis aliquet, auctor felis vel, ultrices arcu. Fusce ultricies semper ligula a dapibus. Nam nec tellus et magna pulvinar aliquet. Sed scelerisque libero elit, ut bibendum justo malesuada sit amet. In aliquet nisl quis mauris ornare, ut sodales quam interdum. Fusce risus augue, aliquam vel eleifend non, pharetra a lectus. Integer enim est, bibendum sed dapibus at, convallis sed massa.','Business','2023-05-18 22:50:27','1684425027943_banner1.jpg',9),(69,'Businesses: What You Need to Know','   Lorem ipsum dolor sit amet, consectetur adipiscing elit. Phasellus faucibus dapibus semper. Aliquam vitae volutpat mi. Duis condimentum imperdiet erat non fringilla. Quisque mollis, felis eget vulputate consectetur, dolor libero tincidunt massa, nec placerat ante ipsum sit amet quam. Morbi ac varius sapien. Nam ut malesuada leo. In tristique, enim nec ullamcorper ultrices, dui felis interdum felis, quis tempor massa nunc in lacus. Etiam blandit purus sit amet dignissim aliquam. Mauris sodales nisl et justo laoreet gravida. Quisque eget diam in mauris accumsan dictum id vitae nulla. Aliquam bibendum dui leo, sed placerat sapien interdum id. Sed scelerisque sodales leo in pulvinar. Sed placerat nisi nec scelerisque luctus. Vivamus pretium consequat mi, non pretium metus ultricies quis. Etiam a nisl eleifend nisi iaculis dignissim.\n\nInteger fringilla metus sem, at consectetur nunc vestibulum at. Sed et consectetur massa. Cras id ultricies ipsum. Suspendisse potenti. Sed ut ipsum accumsan, placerat felis eget, vulputate massa. Vivamus maximus efficitur tortor ut convallis. Fusce eros nisl, posuere a placerat vitae, commodo vitae lacus. Fusce aliquam lorem et condimentum vehicula. Pellentesque euismod elit vel pharetra ornare. Phasellus tincidunt sagittis orci, vel aliquam neque tempor sed. In auctor mollis ultricies. Mauris orci nisi, maximus vitae felis nec, hendrerit venenatis nisl. Sed libero sapien, lobortis sed felis eu, aliquam pharetra elit. Phasellus in nisi eros. In ac diam at dolor hendrerit luctus.\n\nNulla facilisi. Quisque efficitur elementum venenatis. Pellentesque at viverra orci. Ut semper imperdiet elit nec fringilla. Class aptent taciti sociosqu ad litora torquent per conubia nostra, per inceptos himenaeos. Aliquam erat volutpat. Pellentesque in fringilla enim, non faucibus sapien. Maecenas fermentum ligula eu mattis varius. Ut nec justo dui. Cras vitae nisi erat. Nulla facilisi. Maecenas a ligula commodo, varius odio fermentum, consequat velit.\n\nMorbi ac volutpat sapien. Nunc pretium viverra turpis at tempor. In tempus enim risus, eget varius eros cursus mollis. Aliquam tempus dolor quis eros lacinia semper. Cras non turpis aliquet, auctor felis vel, ultrices arcu. Fusce ultricies semper ligula a dapibus. Nam nec tellus et magna pulvinar aliquet. Sed scelerisque libero elit, ut bibendum justo malesuada sit amet. In aliquet nisl quis mauris ornare, ut sodales quam interdum. Fusce risus augue, aliquam vel eleifend non, pharetra a lectus. Integer enim est, bibendum sed dapibus at, convallis sed massa.\n\n\n  Lorem ipsum dolor sit amet, consectetur adipiscing elit. Phasellus faucibus dapibus semper. Aliquam vitae volutpat mi. Duis condimentum imperdiet erat non fringilla. Quisque mollis, felis eget vulputate consectetur, dolor libero tincidunt massa, nec placerat ante ipsum sit amet quam. Morbi ac varius sapien. Nam ut malesuada leo. In tristique, enim nec ullamcorper ultrices, dui felis interdum felis, quis tempor massa nunc in lacus. Etiam blandit purus sit amet dignissim aliquam. Mauris sodales nisl et justo laoreet gravida. Quisque eget diam in mauris accumsan dictum id vitae nulla. Aliquam bibendum dui leo, sed placerat sapien interdum id. Sed scelerisque sodales leo in pulvinar. Sed placerat nisi nec scelerisque luctus. Vivamus pretium consequat mi, non pretium metus ultricies quis. Etiam a nisl eleifend nisi iaculis dignissim.\n\n','Business','2023-05-18 22:50:55','1684425097642_banner2.jpg',9),(70,'How Can We Make the Most of Our Resources?','#header1\n##header2\n###header3\n####header4\n#####header5\n######header6\n\nFusce cursus leo sit amet ex tempor placerat. Maecenas id mollis justo. Nam sit amet libero eget turpis dictum rutrum. Maecenas tincidunt dolor nisi, nec viverra est tempor a. Maecenas eu erat risus. Nam a dolor lectus. Nam hendrerit eleifend arcu, vel convallis enim mollis et. Vivamus ullamcorper scelerisque dapibus. Phasellus nec lacus lorem. Nunc in augue nibh. Proin tellus diam, dignissim placerat quam et, maximus imperdiet tellus. Nam dictum magna id varius vestibulum. Curabitur at luctus lectus. Morbi condimentum eros elit, et convallis nibh lacinia nec.\n\nNunc congue sodales ullamcorper. Aenean mattis non lacus ac facilisis. Proin et tristique tortor, quis aliquam ex. Aliquam placerat vehicula elit sed hendrerit. Mauris bibendum massa urna, vitae feugiat odio laoreet at. Aliquam imperdiet massa vel porttitor pellentesque. Pellentesque ultricies elit mi, ut aliquet nisl egestas nec.\n\nDuis tincidunt pellentesque ipsum non ultricies. Donec sollicitudin convallis purus quis consequat. Mauris id diam non mi ultricies vestibulum non sed ligula. Integer viverra, erat eget porttitor porta, massa justo tincidunt orci, ac tristique ipsum quam ac est. Cras nisi massa, ultrices sit amet purus at, consequat feugiat magna. Maecenas fringilla sit amet velit sed pulvinar. Donec at elementum nunc. Cras ac ante eget velit sodales lacinia quis nec elit. Nam vel faucibus metus, vitae molestie mi. Nunc maximus blandit mi. Etiam enim ligula, ultricies ac est eu, dignissim ultrices felis. Vivamus blandit est in neque maximus viverra faucibus eget augue.','Other','2023-05-18 22:53:37','1684425217833_user1.jpg',9),(71,'Experiment with building blogs and displaying them from the back of your house.','  #header  1 (TEST)\n\n##header2 (TEST)\n\n###header  3 (TEST)\n\n####header  4 (TEST)\n\n#####header  5 (TEST)\n\n######header  6 (TEST)\n\nThere are many variations of passages of Lorem Ipsum available, but the majority have suffered alteration in some form, by injected humour, or randomised words which don\'t look even slightly believable. If you are going to use a passage of Lorem Ipsum, you need to be sure there isn\'t anything embarrassing hidden in the middle of text.\n\n#header1\n##header2\n###header3\n####header4\n#####header5\n######header6\n\nThere are many variations of passages of Lorem Ipsum available, but the majority have suffered alteration in some form, by injected humour, or randomised words which don\'t look even slightly believable. If you are going to use a passage of Lorem Ipsum, you need to be sure there isn\'t anything embarrassing hidden in the middle of text.\n\n#header1\n##header2\n###header3\n####header4\n#####header5\n######header6\n\nThere are many variations of passages of Lorem Ipsum available, but the majority have suffered alteration in some form, by injected humour, or randomised words which don\'t look even slightly believable. If you are going to use a passage of Lorem Ipsum, you need to be sure there isn\'t anything embarrassing hidden in the middle of text.\n\n#header1\n##header2\n###header3\n####header4\n#####header5\n######header6\n\nThere are many variations of passages of Lorem Ipsum available, but the majority have suffered alteration in some form, by injected humour, or randomised words which don\'t look even slightly believable. If you are going to use a passage of Lorem Ipsum, you need to be sure there isn\'t anything embarrassing hidden in the middle of text.\n\n#header1\n##header2\n###header3\n####header4\n#####header5\n######header6\n\nThere are many variations of passages of Lorem Ipsum available, but the majority have suffered alteration in some form, by injected humour, or randomised words which don\'t look even slightly believable. If you are going to use a passage of Lorem Ipsum, you need to be sure there isn\'t anything embarrassing hidden in the middle of text.\n','Other','2023-05-19 14:13:40','1684480420619_banner2.jpg',9),(72,'When Is the Best Time to Start a Business?','#header1\n##header2\n###header3\n####header4\n#####header5\n######header6\n\nLorem ipsum dolor sit amet, consectetur adipiscing elit. Proin pretium tincidunt pellentesque. Proin sollicitudin velit efficitur mi faucibus, ut semper mauris ultricies. Fusce libero mauris, ornare ac vehicula vel, suscipit quis massa. Curabitur tincidunt, elit ac ullamcorper venenatis, elit purus pellentesque massa, quis luctus enim elit non velit. Praesent in convallis diam, et vestibulum ex. Sed interdum rhoncus tortor, vitae blandit turpis commodo sed. Duis quam leo, pharetra eu mi in, eleifend bibendum metus. Praesent ac placerat lectus. Mauris imperdiet, turpis sit amet bibendum gravida, ex mauris convallis elit, sed dignissim lorem erat a mi. Proin vel auctor libero. Fusce ut quam nec mauris fringilla lobortis at quis odio. Cras aliquet luctus nisl.\n\nDonec commodo mi sed orci congue, eu aliquam lorem laoreet. Ut convallis laoreet nulla, id fringilla lectus euismod vitae. Quisque purus arcu, bibendum ut magna ac, tincidunt auctor quam. Donec congue nec augue id faucibus. Integer condimentum elit vel lectus efficitur, eget tincidunt nulla tempor. Nulla ultricies diam ullamcorper vulputate egestas. Morbi sodales nibh non nunc pharetra dignissim. Ut in tortor accumsan, dignissim justo ut, tincidunt ipsum.\n\nMorbi vehicula id elit sed iaculis. Integer velit mi, placerat vel magna et, rutrum efficitur ex. Proin turpis ligula, posuere a dui at, consequat aliquam orci. Morbi pharetra porta malesuada. Vestibulum ac venenatis eros, vel porttitor nunc. Ut arcu erat, scelerisque a maximus lobortis, vehicula vitae nisi. Sed pulvinar cursus lacus, ac porttitor nisi. Nullam vestibulum, nisi ut vestibulum mattis, tellus dolor pharetra est, non consectetur ligula ligula id mi. Donec at lectus in risus mattis pharetra eu at mauris. Orci varius natoque penatibus et magnis dis parturient montes, nascetur ridiculus mus. Ut sed sem ornare, pellentesque lectus et, laoreet leo. Pellentesque habitant morbi tristique senectus et netus et malesuada fames ac turpis egestas. Integer pretium urna sit amet nibh congue convallis. Vivamus massa mauris, dictum a sapien vitae, maximus lacinia lorem. Fusce pretium egestas urna ac malesuada.','Business','2023-05-19 22:49:12','1684511352051_banner2.jpg',34),(73,'Exploring the Possibilities of Business Growth','#header1\n##header2\n###header3\n####header4\n\nLorem ipsum dolor sit amet, consectetur adipiscing elit. Proin pretium tincidunt pellentesque. Proin sollicitudin velit efficitur mi faucibus, ut semper mauris ultricies. Fusce libero mauris, ornare ac vehicula vel, suscipit quis massa. Curabitur tincidunt, elit ac ullamcorper venenatis, elit purus pellentesque massa, quis luctus enim elit non velit. Praesent in convallis diam, et vestibulum ex. Sed interdum rhoncus tortor, vitae blandit turpis commodo sed. Duis quam leo, pharetra eu mi in, eleifend bibendum metus. Praesent ac placerat lectus. Mauris imperdiet, turpis sit amet bibendum gravida, ex mauris convallis elit, sed dignissim lorem erat a mi. Proin vel auctor libero. Fusce ut quam nec mauris fringilla lobortis at quis odio. Cras aliquet luctus nisl.\n\nDonec commodo mi sed orci congue, eu aliquam lorem laoreet. Ut convallis laoreet nulla, id fringilla lectus euismod vitae. Quisque purus arcu, bibendum ut magna ac, tincidunt auctor quam. Donec congue nec augue id faucibus. Integer condimentum elit vel lectus efficitur, eget tincidunt nulla tempor. Nulla ultricies diam ullamcorper vulputate egestas. Morbi sodales nibh non nunc pharetra dignissim. Ut in tortor accumsan, dignissim justo ut, tincidunt ipsum.\n\nMorbi vehicula id elit sed iaculis. Integer velit mi, placerat vel magna et, rutrum efficitur ex. Proin turpis ligula, posuere a dui at, consequat aliquam orci. Morbi pharetra porta malesuada. Vestibulum ac venenatis eros, vel porttitor nunc. Ut arcu erat, scelerisque a maximus lobortis, vehicula vitae nisi. Sed pulvinar cursus lacus, ac porttitor nisi. Nullam vestibulum, nisi ut vestibulum mattis, tellus dolor pharetra est, non consectetur ligula ligula id mi. Donec at lectus in risus mattis pharetra eu at mauris. Orci varius natoque penatibus et magnis dis parturient montes, nascetur ridiculus mus. Ut sed sem ornare, pellentesque lectus et, laoreet leo. Pellentesque habitant morbi tristique senectus et netus et malesuada fames ac turpis egestas. Integer pretium urna sit amet nibh congue convallis. Vivamus massa mauris, dictum a sapien vitae, maximus lacinia lorem. Fusce pretium egestas urna ac malesuada.\n\n#####header5\n######header6','Business','2023-05-19 22:49:35','1684511375980_banner2.jpg',34),(78,'Hello I\'m admin_Test_V4 (Marketing Man)','#header1\n##header2\n###header3\n####header4\n#####header5\n######header6 \n\nRichard McClintock, a Latin scholar from Hampden-Sydney College, is credited with discovering the source behind the ubiquitous filler text. In seeing a sample of lorem ipsum, his interest was piqued by consectetur—a genuine, albeit rare, Latin word. Consulting a Latin dictionary led McClintock to a passage from De Finibus Bonorum et Malorum (“On the Extremes of Good and Evil”), a first-century B.C. text from the Roman philosopher Cicero.\n\n#header1\n##header2\n###header3\n####header4\n#####header5\n######header6\n\nIn particular, the garbled words of lorem ipsum bear an unmistakable resemblance to sections 1.10.32–33 of Cicero\'s work, with the most notable passage excerpted below:\n\nRichard McClintock, a Latin scholar from Hampden-Sydney College, is credited with discovering the source behind the ubiquitous filler text. In seeing a sample of lorem ipsum, his interest was piqued by consectetur—a genuine, albeit rare, Latin word. Consulting a Latin dictionary led McClintock to a passage from De Finibus Bonorum et Malorum (“On the Extremes of Good and Evil”), a first-century B.C. text from the Roman philosopher Cicero.\n\nIn particular, the garbled words of lorem ipsum bear an unmistakable resemblance to sections 1.10.32–33 of Cicero\'s work, with the most notable passage excerpted below:','Marketing','2023-05-21 21:55:47','1684680947272_banner1.jpg',37);
/*!40000 ALTER TABLE `bcmmdev_blog` ENABLE KEYS */;
UNLOCK TABLES;

--
-- Table structure for table `bcmmdev_contact`
--

DROP TABLE IF EXISTS `bcmmdev_contact`;
/*!40101 SET @saved_cs_client     = @@character_set_client */;
/*!50503 SET character_set_client = utf8mb4 */;
CREATE TABLE `bcmmdev_contact` (
  `id` int(11) NOT NULL AUTO_INCREMENT,
  `username` text NOT NULL,
  `email` text NOT NULL,
  `subject` text NOT NULL,
  `message` text NOT NULL,
  `date` text NOT NULL,
  PRIMARY KEY (`id`)
) ENGINE=InnoDB AUTO_INCREMENT=17 DEFAULT CHARSET=utf8mb4 COLLATE=utf8mb4_general_ci;
/*!40101 SET character_set_client = @saved_cs_client */;

--
-- Dumping data for table `bcmmdev_contact`
--

LOCK TABLES `bcmmdev_contact` WRITE;
/*!40000 ALTER TABLE `bcmmdev_contact` DISABLE KEYS */;
INSERT INTO `bcmmdev_contact` VALUES (2,'Bertha S. Ricard','Bertha_Test@gmail.com','Contact for applying for vacant positions','Donec sodales ligula vel eros viverra feugiat. Phasellus sed nibh dictum, hendrerit velit id, mollis augue. Maecenas aliquam venenatis massa eget efficitur. In ac dapibus augue. Nam suscipit placerat mi. Integer ut semper orci. Curabitur efficitur augue sit amet nisl laoreet interdum. Nullam fermentum ligula ipsum, sit amet mollis tortor ultrices ut. Vestibulum mauris nunc, auctor nec blandit nec, hendrerit ac ante. Fusce mollis urna turpis, vitae tincidunt erat porttitor vel.','2023-05-07T15:52:42.293Z'),(10,'Dewzazayolol','Dewzazayolol@gmail.com','Hello welcome to BCMMDev Project !!!','Sed aliquet egestas magna, vitae ullamcorper ante varius non. Aenean et gravida tortor. Pellentesque convallis elit ut eros maximus, sit amet ultricies massa sagittis. Quisque tempor dictum ligula eget semper. Morbi semper, justo in egestas pharetra, arcu nibh tempus nunc, et elementum risus massa eget lorem. Duis id felis eget turpis malesuada pharetra. Pellentesque auctor, tortor vel tempus condimentum, eros sem luctus sapien, nec volutpat nulla est sit amet dolor. Sed fermentum luctus sodales.\n\nVivamus sit amet pharetra urna. In mi purus, gravida vel accumsan eu, scelerisque id libero. Nullam ac nibh tincidunt, consequat velit vel, aliquet orci. Curabitur dolor justo, facilisis at justo in, suscipit consequat ante. Fusce rutrum varius massa, quis dictum turpis ultricies maximus. Pellentesque in nibh gravida, blandit turpis et, aliquet sem. Integer quis sodales elit, non interdum quam. Aenean lacinia urna ligula. Proin efficitur elit sit amet sagittis rhoncus. Duis finibus vel diam et aliquet. Suspendisse eget fringilla velit, quis fringilla diam. Suspendisse eget tempor magna. Fusce volutpat ac nunc vitae auctor.\n\nVestibulum ante ipsum primis in faucibus orci luctus et ultrices posuere cubilia curae; Nunc aliquet velit sed tincidunt aliquam. Lorem ipsum dolor sit amet, consectetur adipiscing elit. Sed nec lectus lorem. Nam lacus lacus, mattis eu nisi nec, volutpat ornare urna. Sed quis semper sem. Integer aliquam tellus et leo volutpat dignissim.','2023-05-08T15:43:27.492Z'),(11,'user_Test_1','user_Test_1@gmail.com','test something 1','Sed aliquet egestas magna, vitae ullamcorper ante varius non. Aenean et gravida tortor. Pellentesque convallis elit ut eros maximus, sit amet ultricies massa sagittis. Quisque tempor dictum ligula eget semper. Morbi semper, justo in egestas pharetra, arcu nibh tempus nunc, et elementum risus massa eget lorem. Duis id felis eget turpis malesuada pharetra. Pellentesque auctor, tortor vel tempus condimentum, eros sem luctus sapien, nec volutpat nulla est sit amet dolor. Sed fermentum luctus sodales.\n\nVivamus sit amet pharetra urna. In mi purus, gravida vel accumsan eu, scelerisque id libero. Nullam ac nibh tincidunt, consequat velit vel, aliquet orci. Curabitur dolor justo, facilisis at justo in, suscipit consequat ante. Fusce rutrum varius massa, quis dictum turpis ultricies maximus. Pellentesque in nibh gravida, blandit turpis et, aliquet sem. Integer quis sodales elit, non interdum quam. Aenean lacinia urna ligula. Proin efficitur elit sit amet sagittis rhoncus. Duis finibus vel diam et aliquet. Suspendisse eget fringilla velit, quis fringilla diam. Suspendisse eget tempor magna. Fusce volutpat ac nunc vitae auctor.\n\nVestibulum ante ipsum primis in faucibus orci luctus et ultrices posuere cubilia curae; Nunc aliquet velit sed tincidunt aliquam. Lorem ipsum dolor sit amet, consectetur adipiscing elit. Sed nec lectus lorem. Nam lacus lacus, mattis eu nisi nec, volutpat ornare urna. Sed quis semper sem. Integer aliquam tellus et leo volutpat dignissim.','2023-05-08T15:46:58.440Z'),(12,'user_Test_2','user_Test_2@gmail.com','Test something 2','Sed aliquet egestas magna, vitae ullamcorper ante varius non. Aenean et gravida tortor. Pellentesque convallis elit ut eros maximus, sit amet ultricies massa sagittis. Quisque tempor dictum ligula eget semper. Morbi semper, justo in egestas pharetra, arcu nibh tempus nunc, et elementum risus massa eget lorem. Duis id felis eget turpis malesuada pharetra. Pellentesque auctor, tortor vel tempus condimentum, eros sem luctus sapien, nec volutpat nulla est sit amet dolor. Sed fermentum luctus sodales.\n\nVivamus sit amet pharetra urna. In mi purus, gravida vel accumsan eu, scelerisque id libero. Nullam ac nibh tincidunt, consequat velit vel, aliquet orci. Curabitur dolor justo, facilisis at justo in, suscipit consequat ante. Fusce rutrum varius massa, quis dictum turpis ultricies maximus. Pellentesque in nibh gravida, blandit turpis et, aliquet sem. Integer quis sodales elit, non interdum quam. Aenean lacinia urna ligula. Proin efficitur elit sit amet sagittis rhoncus. Duis finibus vel diam et aliquet. Suspendisse eget fringilla velit, quis fringilla diam. Suspendisse eget tempor magna. Fusce volutpat ac nunc vitae auctor.\n\nVestibulum ante ipsum primis in faucibus orci luctus et ultrices posuere cubilia curae; Nunc aliquet velit sed tincidunt aliquam. Lorem ipsum dolor sit amet, consectetur adipiscing elit. Sed nec lectus lorem. Nam lacus lacus, mattis eu nisi nec, volutpat ornare urna. Sed quis semper sem. Integer aliquam tellus et leo volutpat dignissim.','2023-05-08T15:47:19.821Z'),(15,'tester_V5','asdsd@gmail.com','testing your website','it is a soup','2023-05-21T14:26:12.119Z');
/*!40000 ALTER TABLE `bcmmdev_contact` ENABLE KEYS */;
UNLOCK TABLES;

--
-- Table structure for table `community_all_post`
--

DROP TABLE IF EXISTS `community_all_post`;
/*!40101 SET @saved_cs_client     = @@character_set_client */;
/*!50503 SET character_set_client = utf8mb4 */;
CREATE TABLE `community_all_post` (
  `id` int(11) NOT NULL AUTO_INCREMENT,
  `username` varchar(45) NOT NULL,
  `category` varchar(45) NOT NULL,
  `content` text NOT NULL,
  `postTime` datetime NOT NULL DEFAULT current_timestamp(),
  `userImage` varchar(45) NOT NULL,
  PRIMARY KEY (`id`)
) ENGINE=InnoDB AUTO_INCREMENT=43 DEFAULT CHARSET=utf8mb4 COLLATE=utf8mb4_general_ci;
/*!40101 SET character_set_client = @saved_cs_client */;

--
-- Dumping data for table `community_all_post`
--

LOCK TABLES `community_all_post` WRITE;
/*!40000 ALTER TABLE `community_all_post` DISABLE KEYS */;
INSERT INTO `community_all_post` VALUES (13,'Joseph J. Saucier','Technology','There are many variations of passages of Lorem Ipsum available, but the majority have suffered alteration in some form, by injected humour, or randomised words which don\'t look even slightly believable','2023-04-07 22:33:30','1680879484335_user1.jpg'),(14,'Joseph M. McDonagh','Technology','There are many variations of passages of Lorem Ipsum available, but the majority have suffered alteration in some form, by injected humour, or randomised words which don\'t look even slightly believable','2023-04-07 22:34:33','1680881673290_user1.jpg'),(15,'Wayne G. Billman','Technology','There are many variations of passages of Lorem Ipsum available, but the majority have suffered alteration in some form, by injected humour, or randomised words which don\'t look even slightly believable','2023-04-07 22:35:18','1680881718171_user1.jpg'),(16,'Wayne G. Billman','Technology','There are many variations of passages of Lorem Ipsum available, but the majority have suffered alteration in some form, by injected humour, or randomised words which don\'t look even slightly believable','2023-04-07 22:36:52','1680881812003_user1.jpg'),(17,'Eric L. Walker','Investment','There are many variations of passages of Lorem Ipsum available, but the majority have suffered alteration in some form, by injected humour, or randomised words which don\'t look even slightly believable.','2023-04-08 13:40:22','1680936022134_1624074415897.jpeg'),(18,'Thomas K. Fields','Technology','he standard chunk of Lorem Ipsum used since the 1500s is reproduced below for those interested. Sections 1.10.32 and 1.10.33 from \"de Finibus Bonorum et Malorum\" by Cicero are also reproduced in their exact original form, accompanied by English versions from the 1914 translation by H. Rackham.\n\n If you are going to use a passage of Lorem Ipsum, you need to be sure there isn\'t anything embarrassing hidden in the middle of text.\n\n Various versions have evolved over the years, sometimes by accident, sometimes on purpose (injected humour and the like).','2023-04-08 19:56:23','1680958583031_banner2.jpg'),(19,'Dwight A. Lopez','Technology','It is a long established fact that a reader will be distracted by the readable content of a page when looking at its layout. The point of using Lorem Ipsum is that it has a more-or-less normal distribution of letters,','2023-04-08 20:30:31','1680960631330_user1.jpg'),(20,'Zachary T. Green','Technology','Many desktop publishing packages and web page editors now use Lorem Ipsum as their default model text, and a search for \'lorem ipsum\' will uncover many web sites still in their infancy.','2023-04-08 20:32:31','1680960751148_banner2.jpg'),(21,'William A. Moore','Technology','Various versions have evolved over the years, sometimes by accident, sometimes on purpose (injected humour and the like).','2023-04-08 20:34:19','1680960859164_user1.jpg'),(22,'Byron P. Smith','Technology','There are many variations of passages of Lorem Ipsum available, but the majority have suffered alteration in some form, by injected humour, or randomised words which don\'t look even slightly believable.','2023-04-08 20:43:50','1680961430077_nohavePost.png'),(23,'Recharts','Investment','orem Ipsum is simply dummy text of the printing and typesetting industry. Lorem Ipsum has been the industry\'s standard dummy text ever since the 1500s, when an unknown printer took a galley of type and scrambled it to make a type specimen book. It has survived not only five centuries, but also the leap into electronic typesetting, remaining essentially unchanged. It was popularised in the 1960s with the release of Letraset sheets containing Lorem Ipsum passages, and more recently with desktop publishing software like Aldus PageMaker including versions of Lorem Ipsum.','2023-05-09 13:42:20','1683614540284_banner2.jpg'),(24,'Mr stappy','Technology','Fusce cursus leo sit amet ex tempor placerat. Maecenas id mollis justo. Nam sit amet libero eget turpis dictum rutrum. Maecenas tincidunt dolor nisi, nec viverra est tempor a. Maecenas eu erat risus. Nam a dolor lectus. Nam hendrerit eleifend arcu, vel convallis enim mollis et. Vivamus ullamcorper scelerisque dapibus. Phasellus nec lacus lorem. Nunc in augue nibh. Proin tellus diam, dignissim placerat quam et, maximus imperdiet tellus. Nam dictum magna id varius vestibulum. Curabitur at luctus lectus. Morbi condimentum eros elit, et convallis nibh lacinia nec.\n\nNunc congue sodales ullamcorper. Aenean mattis non lacus ac facilisis. Proin et tristique tortor, quis aliquam ex. Aliquam placerat vehicula elit sed hendrerit. Mauris bibendum massa urna, vitae feugiat odio laoreet at. Aliquam imperdiet massa vel porttitor pellentesque. Pellentesque ultricies elit mi, ut aliquet nisl egestas nec.\n\nDuis tincidunt pellentesque ipsum non ultricies. Donec sollicitudin convallis purus quis consequat. Mauris id diam non mi ultricies vestibulum non sed ligula. Integer viverra, erat eget porttitor porta, massa justo tincidunt orci, ac tristique ipsum quam ac est. Cras nisi massa, ultrices sit amet purus at, consequat feugiat magna. Maecenas fringilla sit amet velit sed pulvinar. Donec at elementum nunc. Cras ac ante eget velit sodales lacinia quis nec elit. Nam vel faucibus metus, vitae molestie mi. Nunc maximus blandit mi. Etiam enim ligula, ultricies ac est eu, dignissim ultrices felis. Vivamus blandit est in neque maximus viverra faucibus eget augue.','2023-05-18 23:04:04','1684425844795_logo.png'),(25,'Russell D. Coleman','Business','Nulla vestibulum neque ac eleifend volutpat. Proin metus metus, tristique ut nulla non, hendrerit aliquet odio. Aliquam gravida lectus et leo consequat cursus. Integer volutpat erat facilisis metus luctus lacinia. Nullam ornare augue vel libero viverra,','2023-05-20 21:30:17','1684593017845_nohavePost.png'),(26,'Jean N. Valentine','Business','Mauris auctor mi orci, sit amet pellentesque sapien tristique ac. Suspendisse auctor, mauris a porttitor hendrerit, justo orci commodo quam, eget posuere lacus est id risus. Nullam sed est imperdiet, eleifend nibh quis, congue quam. Mauris viverra velit sem, non placerat erat suscipit ut.','2023-05-20 21:30:50','1684593050640_error_page.png'),(27,'Jean N. Valentine','Business','Ut eu rhoncus sapien, sed consequat neque. Cras eget turpis quis eros sollicitudin convallis id vel lacus. Sed sit amet pulvinar lorem, vel fringilla neque. Cras eget luctus neque, placerat lacinia sem. Duis vel ultrices lorem.elit sem, non placerat erat suscipit ut.','2023-05-20 21:31:06','1684593066183_banner1.jpg'),(28,'Maria E. Harper','Business','Consequat neque. Cras eget turpis quis eros sollicitudin convallis id vel lacus. Sed sit amet pulvinar lorem, vel fringilla neque. Cras eget luctus neque, placerat lacinia sem. Duis vel ultrices lorem.elit sem, non placerat erat suscipit ut.','2023-05-20 21:31:25','1684593085187_banner1.jpg'),(29,'Tiffany J. McLean','Business','Aliquam malesuada tincidunt dapibus. Pellentesque auctor consectetur faucibus. Phasellus sagittis blandit sagittis. Class aptent taciti sociosqu ad litora torquent per conubia nostra, per inceptos himenaeos. Sed ut ex ultrices, bibendum nunc quis, fermentum mauris. Proin pellentesque efficitur diam eu viverra','2023-05-20 21:31:50','1684593110341_banner1.jpg'),(30,'Bobby A. Hood','Marketing','Aliquam malesuada tincidunt dapibus. Pellentesque auctor consectetur faucibus. Phasellus sagittis blandit sagittis. Class aptent taciti sociosqu ad litora torquent per conubia nostra, per inceptos himenaeos. Sed ut ex ultrices, bibendum nunc quis, fermentum mauris. Proin pellentesque efficitur diam eu viverra','2023-05-20 21:32:31','1684593151682_banner2.jpg'),(31,'Bobby A. Hood','Marketing','Aliquam malesuada tincidunt dapibus. Pellentesque auctor consectetur faucibus. Phasellus sagittis blandit sagittis. Class aptent taciti sociosqu ad litora torquent per conubia nostra, per inceptos himenaeos. Sed ut ex ultrices, bibendum nunc quis, fermentum mauris. Proin pellentesque efficitur diam eu viverra','2023-05-20 21:32:33','1684593153712_banner2.jpg'),(32,'Bobby A. Hood','Marketing','Aliquam malesuada tincidunt dapibus. Pellentesque auctor consectetur faucibus. Phasellus sagittis blandit sagittis. Class aptent taciti sociosqu ad litora torquent per conubia nostra, per inceptos himenaeos. Sed ut ex ultrices, bibendum nunc quis, fermentum mauris. Proin pellentesque efficitur diam eu viverra','2023-05-20 21:32:35','1684593155713_banner2.jpg'),(33,'Bobby A. Hood','Marketing','Aliquam malesuada tincidunt dapibus. Pellentesque auctor consectetur faucibus. Phasellus sagittis blandit sagittis. Class aptent taciti sociosqu ad litora torquent per conubia nostra, per inceptos himenaeos. Sed ut ex ultrices, bibendum nunc quis, fermentum mauris. Proin pellentesque efficitur diam eu viverra','2023-05-20 21:32:37','1684593157620_banner2.jpg'),(34,'Joel L. Wiley','Network & System','suscipit suscipit justo vestibulum consectetur. Aenean lacinia efficitur eros fringilla malesuada. Ut non euismod odio. Etiam viverra laoreet nibh, at ultricies nunc fringilla et. Suspendisse potenti. In vel vestibulum velit. Vestibulum porta tincidunt dictum. Nam vitae scelerisque mauris, a lobortis velit.','2023-05-20 21:33:11','1684593191262_user1.jpg'),(35,'Joel L. Wiley','Network & System','suscipit suscipit justo vestibulum consectetur. Aenean lacinia efficitur eros fringilla malesuada. Ut non euismod odio. Etiam viverra laoreet nibh, at ultricies nunc fringilla et. Suspendisse potenti. In vel vestibulum velit. Vestibulum porta tincidunt dictum. Nam vitae scelerisque mauris, a lobortis velit.','2023-05-20 21:33:13','1684593193156_user1.jpg'),(36,'Joel L. Wiley','Network & System','suscipit suscipit justo vestibulum consectetur. Aenean lacinia efficitur eros fringilla malesuada. Ut non euismod odio. Etiam viverra laoreet nibh, at ultricies nunc fringilla et. Suspendisse potenti. In vel vestibulum velit. Vestibulum porta tincidunt dictum. Nam vitae scelerisque mauris, a lobortis velit.','2023-05-20 21:33:15','1684593195180_user1.jpg'),(37,'Joel L. Wiley','Network & System','suscipit suscipit justo vestibulum consectetur. Aenean lacinia efficitur eros fringilla malesuada. Ut non euismod odio. Etiam viverra laoreet nibh, at ultricies nunc fringilla et. Suspendisse potenti. In vel vestibulum velit. Vestibulum porta tincidunt dictum. Nam vitae scelerisque mauris, a lobortis velit.','2023-05-20 21:33:17','1684593197074_user1.jpg'),(38,'Dale M. Sanchez','IT Management','suscipit suscipit justo vestibulum consectetur. Aenean lacinia efficitur eros fringilla malesuada. Ut non euismod odio. Etiam viverra laoreet nibh, at ultricies nunc fringilla et. Suspendisse potenti. In vel vestibulum velit. Vestibulum porta tincidunt dictum. Nam vitae scelerisque mauris, a lobortis velit.','2023-05-20 21:39:53','1684593593556_logo.png'),(39,'Michael I. McKernan','IT Management','suscipit suscipit justo vestibulum consectetur. Aenean lacinia efficitur eros fringilla malesuada. Ut non euismod odio. Etiam viverra laoreet nibh, at ultricies nunc fringilla et. Suspendisse potenti. In vel vestibulum velit. Vestibulum porta tincidunt dictum. Nam vitae scelerisque mauris, a lobortis velit.','2023-05-20 21:41:42','1684593702411_user1.jpg'),(40,'Julie W. Wood','Investment','suscipit suscipit justo vestibulum consectetur. Aenean lacinia efficitur eros fringilla malesuada. Ut non euismod odio. Etiam viverra laoreet nibh, at ultricies nunc fringilla et. Suspendisse potenti. In vel vestibulum velit. Vestibulum porta tincidunt dictum. Nam vitae scelerisque mauris, a lobortis velit.','2023-05-20 21:49:24','1684594164465_adminLogin.png'),(41,'Mr. Tester_V4','Investment','test system lol','2023-05-21 21:22:44','1684678964734_logo.png'),(42,'Google','Other','lorem lorem lorem','2023-05-23 14:23:17','1684826597442_banner1.jpg');
/*!40000 ALTER TABLE `community_all_post` ENABLE KEYS */;
UNLOCK TABLES;

--
-- Table structure for table `community_all_post_comments`
--

DROP TABLE IF EXISTS `community_all_post_comments`;
/*!40101 SET @saved_cs_client     = @@character_set_client */;
/*!50503 SET character_set_client = utf8mb4 */;
CREATE TABLE `community_all_post_comments` (
  `id` int(11) NOT NULL AUTO_INCREMENT,
  `username` varchar(45) NOT NULL,
  `content` text NOT NULL,
  `createdAt` datetime NOT NULL DEFAULT current_timestamp(),
  `postID` int(11) NOT NULL,
  PRIMARY KEY (`id`),
  KEY `fk_comment_post_idx` (`postID`),
  CONSTRAINT `fk_comment_post` FOREIGN KEY (`postID`) REFERENCES `community_all_post` (`id`) ON DELETE CASCADE ON UPDATE CASCADE
) ENGINE=InnoDB AUTO_INCREMENT=50 DEFAULT CHARSET=utf8mb4 COLLATE=utf8mb4_general_ci;
/*!40101 SET character_set_client = @saved_cs_client */;

--
-- Dumping data for table `community_all_post_comments`
--

LOCK TABLES `community_all_post_comments` WRITE;
/*!40000 ALTER TABLE `community_all_post_comments` DISABLE KEYS */;
INSERT INTO `community_all_post_comments` VALUES (37,'Dennis M. Molina','There are many variations of passages of Lorem Ipsum available, but the majority have suffered alteration in some form, by injected humour, or randomised words which don\'t look even slightly believable','2023-04-07 22:50:17',16),(38,'Gerald C. Oliver','It is a long established fact that a reader will be distracted by the readable content of a page when looking at its layout. The point of using Lorem Ipsum is that it has a more-or-less normal distribution of letters, as opposed to using \'Content here,','2023-04-08 13:10:54',15),(39,'Paul K. Lopez','Various versions have evolved over the years, sometimes by accident, sometimes on purpose (injected humour and the like).','2023-04-08 20:35:00',20),(40,'ss','ss','2023-05-06 15:21:13',21),(41,'ssss','ssss','2023-05-06 15:21:19',21),(42,'sad','sad','2023-05-06 15:22:11',21),(43,'Dewzazayolol','wow nice','2023-05-09 13:42:51',23),(44,'Tester_v1','Hello guy','2023-05-21 21:15:33',30),(45,'Tester_V2','hello','2023-05-21 21:20:28',40),(46,'Tester_V3','sadasds','2023-05-21 21:21:17',40),(47,'Hello guy','lorem lorem lorem lorem lorem lorem lorem lorem lorem','2023-05-23 14:23:42',42),(48,'hello V2','lorem lorem lorem lorem lorem lorem lorem lorem lorem','2023-05-23 14:23:58',42),(49,'i am phone','lorem lorem','2023-05-23 17:25:05',32);
/*!40000 ALTER TABLE `community_all_post_comments` ENABLE KEYS */;
UNLOCK TABLES;
/*!40103 SET TIME_ZONE=@OLD_TIME_ZONE */;

/*!40101 SET SQL_MODE=@OLD_SQL_MODE */;
/*!40014 SET FOREIGN_KEY_CHECKS=@OLD_FOREIGN_KEY_CHECKS */;
/*!40014 SET UNIQUE_CHECKS=@OLD_UNIQUE_CHECKS */;
/*!40101 SET CHARACTER_SET_CLIENT=@OLD_CHARACTER_SET_CLIENT */;
/*!40101 SET CHARACTER_SET_RESULTS=@OLD_CHARACTER_SET_RESULTS */;
/*!40101 SET COLLATION_CONNECTION=@OLD_COLLATION_CONNECTION */;
/*!40111 SET SQL_NOTES=@OLD_SQL_NOTES */;

-- Dump completed on 2023-06-02 14:03:33
